{
    "algorithm": "Ensemble",
    "n_eval_episodes": 100,
    "seed": 42,
    "environments": {
        "standard": {
            "gravity": -10.0
        },
        "gravity": {
            "gravity": -13.0
        },
        "wind": {
            "wind_power": 15.0,
            "turbulence_power": 1.5
        },
        "noise": {
            "noise_std": 0.075
        }
    },
    "results": {
        "standard": {
            "stats": {
                "mean": 191.3926844435897,
                "std": 104.18236652360333,
                "min": -61.27940310405978,
                "max": 298.2144717982717,
                "median": 239.10573681091324,
                "success_rate": 0.75
            },
            "rewards": [
                209.37701287956776,
                258.17384117821575,
                230.9487385230616,
                263.67598066012766,
                -15.397567844683635,
                -23.18604423682406,
                213.6354001038858,
                35.35711981874104,
                273.34337021157677,
                232.60673961174888,
                232.08868078125045,
                -15.303569106441756,
                247.67575809777196,
                250.67421779000733,
                21.467058359097734,
                228.4978875790955,
                -53.60429751427435,
                214.5761815448467,
                36.36559584937015,
                247.33860272291486,
                255.7766835131872,
                189.98577838734,
                234.71030504135575,
                161.2930753189272,
                261.432191807716,
                262.1368875432662,
                256.8928601900276,
                239.2626599089318,
                264.1898695928993,
                237.80634044222552,
                224.71523702750005,
                -36.60513965783305,
                249.29399079893005,
                228.06287638222108,
                260.7137655675019,
                230.2677785808634,
                249.28983274194115,
                -32.85892295946341,
                273.8131238570485,
                197.8806619098367,
                266.7244402517906,
                240.62198563679283,
                224.9820002730553,
                13.824784394013648,
                240.01058820845836,
                274.4739025035906,
                293.42967970301504,
                -36.11740820527649,
                228.06042635880675,
                275.0456180493816,
                -61.27940310405978,
                272.64729603556145,
                -3.637712236390456,
                234.73688564879626,
                245.3065758636185,
                258.2994514051758,
                249.59919910019187,
                238.94881371289472,
                5.607561904707254,
                250.4407472816763,
                268.72434676119036,
                -39.12194817922257,
                249.95667414033224,
                218.04663955898303,
                241.33913085243188,
                268.59918059065933,
                242.03726255559658,
                243.72046176606725,
                245.80335992156097,
                264.87482800685143,
                246.69940362911274,
                241.3679080587553,
                257.43766040299477,
                265.83125994448653,
                298.2144717982717,
                253.56254682351238,
                133.36828839381747,
                251.9684448248384,
                231.86853369714805,
                232.99880898420952,
                258.65168983058396,
                8.316525542648776,
                220.43889701030068,
                236.901994869796,
                257.9014060651236,
                249.34606393780857,
                218.6766412777551,
                -20.191898979054756,
                230.4666373825144,
                5.936083032998667,
                248.53124479786058,
                234.95701510797596,
                1.9254452848260541,
                245.06374807614057,
                109.98349893420932,
                236.6847578649997,
                245.65457748598962,
                241.33153885889254,
                254.86538155348876,
                28.433938103238404
            ]
        },
        "gravity": {
            "stats": {
                "mean": 182.19637491549426,
                "std": 112.0525122783931,
                "min": -65.91543179593235,
                "max": 294.64137648277534,
                "median": 241.85063224113043,
                "success_rate": 0.72
            },