{
    "environment": "wind",
    "wind_power": 15.0,
    "turbulence_power": 1.5,
    "n_eval_episodes": 100,
    "seed": 42,
    "results": {
        "DQN": {
            "stats": {
                "mean": 82.20229416649127,
                "std": 147.41893793061945,
                "min": -232.07329355205118,
                "max": 307.64119365218926,
                "median": 19.908498092861592,
                "success_rate": 0.37
            },
            "rewards": [
                162.12231513133335,
                -2.81063626497955,
                19.30983045289041,
                235.53068081816104,
                -4.742263798735451,
                243.6941256938945,
                -31.192083604322207,
                -15.849383658354782,
                17.345856621592034,
                10.691390086731104,
                163.3595692734038,
                31.605638104463253,
                0.3601817777667975,
                26.8143903974032,
                -0.05673907076472062,
                282.5415099286122,
                264.90129947762705,
                91.06289921158606,
                -82.51411012948265,
                279.9866459655765,
                2.2269317186363935,
                61.37272788830856,
                36.18211331075523,
                256.8509676911917,
                280.54580657315046,
                -12.86509025978333,
                -6.1413489029894635,
                217.66625029236752,
                22.097617836974592,
                265.0061960173601,
                -24.369372930468217,
                -36.538318512295355,
                -1.1476526853270599,
                42.40846226318078,
                -232.07329355205118,
                -47.83939288040837,
                -95.7966609831818,
                4.766222140018769,
                254.84271082561327,
                202.8330896285102,
                263.5290050304734,
                286.73835164384207,
                282.1923376699657,
                250.65103902545098,
                -46.109127701473426,
                -27.930144003797096,
                -75.20800966927528,
                -146.10256092605727,
                270.37146290882663,
                25.321644445970335,
                20.507165732832775,
                289.59398618568434,
                -166.89643626039265,
                214.59020739626618,
                -22.652457138586286,
                278.9937572400527,
                266.31667038898684,
                69.18494671436184,
                -13.501444218360376,
                -8.14639459542991,
                -80.49820928313707,
                307.64119365218926,
                46.28173067671324,
                -2.789019046249365,
                10.772502404267641,
                257.6764101150037,
                219.02310680302554,
                261.59228953258116,
                220.64887226126848,
                -29.93976738899056,
                -42.35451525031263,
                -138.20096100843102,
                278.838341525643,
                -1.7851755289038493,
                -30.818741942837235,
                279.14271891917605,
                278.7025858419106,
                264.6363298211588,
                253.42989529301923,
                -135.54916651703851,
                244.8135997562445,
                249.40501396164476,
                -4.400868936432843,
                262.96903704610406,
                278.11713566118704,
                270.22210050199806,
                -28.04245589845243,
                -40.80638958909552,
                230.5064374477673,
                -40.4971288924446,
                -140.8493459756167,
                -7.911078474871289,
                -5.725565153391614,
                -169.81115833796503,
                -22.361429976239677,
                -53.22768497935965,
                269.67191891007053,
                -85.76891360968824,
                -71.22609924613919,
                -24.931210209555005
            ]
        },
        "PPO": {
            "stats": {
                "mean": 115.67674399849854,
                "std": 137.03898050476118,
                "min": -135.54382261942789,
                "max": 299.431184921461,
                "median": 174.9682227936375,
                "success_rate": 0.45
            },