{
    "environment": "standard",
    "n_eval_episodes": 100,
    "seed": 42,
    "results": {
        "DQN": {
            "stats": {
                "mean": 240.6222699390304,
                "std": 88.18603167697049,
                "min": -40.82723964315883,
                "max": 317.4577357720061,
                "median": 267.92311565841106,
                "success_rate": 0.85
            },
            "rewards": [
                267.7537576295273,
                259.58030130382565,
                -7.494002920490331,
                235.98120387248872,
                228.20534460382873,
                -14.997782980763631,
                298.3670685128459,
                290.3532452468752,
                280.53339600879025,
                44.129150944516425,
                263.11981904840303,
                263.2370439836582,
                251.4718429010312,
                285.58379328799947,
                252.25452815407903,
                288.06805481347635,
                262.7829758728684,
                255.40093956993567,
                36.26983934933426,
                293.96737651935337,
                303.7932285117649,
                260.5641000718566,
                297.15788330398215,
                271.8766688965458,
                242.39209034614908,
                164.3552326546558,
                309.53935486978514,
                247.9663391702107,
                270.18150565991107,
                295.65656180565634,
                309.4724581749973,
                282.4173015634914,
                252.58543471929875,
                280.3099683412936,
                258.6371329088712,
                303.1244385358202,
                277.6984890115991,
                255.50588624286792,
                280.7037099297295,
                310.7546448629356,
                132.65185414381642,
                60.29764710661715,
                285.81326442947886,
                304.9226094533293,
                267.9504189492319,
                317.4577357720061,
                293.7185599513197,
                247.82282997476375,
                264.0525822562767,
                29.040889725603222,
                296.5171539194354,
                286.075896879207,
                300.1894371835608,
                283.22589717747286,
                308.97991675041266,
                231.45803213577616,
                298.74311128518843,
                -20.602795611091494,
                281.7185699290966,
                265.0179604755722,
                273.3476881756078,
                305.1523983203282,
                243.803601521057,
                309.788933073037,
                289.06934130942716,
                257.21242128805704,
                305.6130378344264,
                248.2883717159701,
                270.39065973127083,
                260.22709421894535,
                153.0200242932702,
                311.50223456428114,
                248.1293704366516,
                267.8958123675902,
                266.3797728501904,
                269.29875216413046,
                79.88487385992923,
                224.93749038411232,
                235.7072341148354,
                115.0169679356392,
                222.10988877984022,
                273.9993147022792,
                284.4386732124693,
                295.6116612387226,
                3.3603965415923938,
                301.4737184435869,
                279.6905926003563,
                -40.82723964315883,
                277.3756282078749,
                306.4433235235732,
                266.4254082506325,
                257.64307953753837,
                268.21772506741854,
                280.4832084323647,
                244.78647554419098,
                -38.01434068621445,
                290.37398402951527,
                256.07146537529036,
                291.0405770678801,
                262.5454763284439
            ]
        },
        "PPO": {
            "stats": {
                "mean": 160.36248407440885,
                "std": 117.8474017540739,
                "min": -51.19854605844294,
                "max": 285.14291620025006,
                "median": 225.41837146767372,
                "success_rate": 0.6
            },
            "rewards": [
                -47.95924913361674,
                223.19884837157775,
                256.25858469347884,
                255.36292436197309,
                -35.889247000305005,
                255.08052437784033,
                254.1202179055839,
                105.29584711977493,
                -14.757753958015428,
                182.0675454560822,
                37.72082479190499,
                237.64294710042194,
                209.62494567232463,
                241.96060358173554,
                10.55754388463319,
                46.27639847328874,
                261.54147532773004,
                277.3797697828744,
                255.58882313042864,
                15.523204782290989,
                267.37316541404266,
                285.14291620025006,
                -26.576565501653548,
                205.3303314686544,
                251.31893010986224,
                240.67045363541564,
                275.4308745675877,
                236.21591711542646,
                -37.73654104833024,
                8.901465787669778,
                -8.976829015284537,
                -4.448072655895629,
                260.83857071897614,
                256.11292088566444,
                4.303956018970524,
                252.47962446341927,
                279.89752517899365,
                271.89211209125006,
                209.31593783061751,
                209.49081384475306,
                240.19121021926503,
                283.59127197883674,
                -33.24213004816944,
                204.799386304535,
                251.64306995810605,
                223.1905922386473,
                10.927074981047156,
                234.80625430389682,
                272.24586453582566,
                -3.0592636117895324,
                163.44523404908531,
                275.62999037776876,
                222.25617129286093,
                230.42187266195648,
                132.68334867104846,
                44.23564182457977,
                -40.257563076244125,
                260.79068205525425,
                173.6174888609002,
                239.71710326033786,
                233.5037947367911,
                -13.144109359833863,
                15.005474282949848,
                248.82626727949767,
                -11.891495370145876,
                -3.734749086100507,
                0.9592196141625777,
                272.1248694690657,
                268.2867057369559,
                168.3543567225367,
                246.60987158344378,
                283.9005403224603,
                141.2621106548654,
                -29.07439831480835,
                269.6379180918574,
                249.79410391728103,
                -9.68704770365089,
                250.41418377249025,
                231.96300247418634,
                264.2584972868161,
                254.5873233090061,
                -5.782900341785165,
                194.54594946693175,
                -50.00014413256457,
                245.55005214382035,
                -5.165598174613436,
                260.1544087406969,
                18.296118345243144,
                230.45571727826078,
                -51.19854605844294,
                229.50656189134978,
                255.65971477481418,
                258.2443210152667,
                227.6378945637697,
                246.2145183727013,
                259.1999690848454,
                118.06129087813096,
                -8.675644167563334,
                208.71131335426082,
                221.6713843157901
            ]
        },