{
    "environment": "gravity",
    "gravity": -15.0,
    "n_eval_episodes": 100,
    "seed": 42,
    "results": {
        "DQN": {
            "stats": {
                "mean": -0.7214006202758732,
                "std": 45.08801870090998,
                "min": -65.17062888785918,
                "max": 262.3819575428867,
                "median": -4.822443595274372,
                "success_rate": 0.02
            },
            "rewards": [
                -31.34019958116515,
                -12.11691600810417,
                -23.17698741078425,
                -24.629876942740125,
                3.089152245576315,
                12.781140024730277,
                -7.324671682742604,
                19.42211961960659,
                43.131484513479194,
                -3.7268613328711666,
                -65.17062888785918,
                9.687799440020797,
                -21.99663926819909,
                37.35766769555329,
                18.38901792685779,
                -45.90646319141763,
                -23.155367975027644,
                -51.7230421329716,
                -12.352444858050731,
                17.418987429817065,
                -17.30757646752396,
                15.369380184624163,
                2.651536780926506,
                -46.66240414501394,
                5.665757156636275,
                -11.32575215797759,
                -36.34427576853987,
                -4.851827057209789,
                0.797853227766808,
                15.907703928117442,
                -0.7392941333599623,
                -5.7153074719748815,
                11.450334075897686,
                262.3819575428867,
                -30.579025823637423,
                62.55632540775852,
                -35.236723951768184,
                19.571528664452757,
                25.684773082457852,
                36.847753867220774,
                -6.351422863367162,
                -4.750113447667019,
                -29.02674992761324,
                33.01720061976562,
                -23.274694600812452,
                -16.484153336291257,
                247.07976287600906,
                -24.153885198461552,
                -12.859917313204448,
                14.253041670475653,
                -51.23124904018299,
                -34.55494465437258,
                16.528944335654558,
                -62.46354262430308,
                -15.648988994352266,
                31.997036262991116,
                -42.775639079195074,
                -15.933640058475035,
                -35.80998626492813,
                -27.893242790187884,
                24.458302350217323,
                -0.5981854733291243,
                15.848701644710417,
                7.476948137600957,
                14.446558840503016,
                4.865180944124759,
                -11.286761553114474,
                26.53445594128374,
                -21.797058092917013,
                -51.20163601893283,
                -43.191501790934396,
                -23.89347860918862,
                -20.079441151788956,
                -53.019495656791904,
                -22.04693514840794,
                13.11071889218951,
                2.5906393414544198,
                -9.756517997694758,
                55.77196397764635,
                -24.067082450344287,
                13.492672183531127,
                -16.29141215330668,
                7.061549731001179,
                -24.8964417629349,
                12.020954541120645,
                53.15658785346665,
                -4.793060133338955,
                24.531544501810117,
                -0.9971362538953201,
                -9.64607392540944,
                -45.514066035047335,
                2.184619157911712,
                11.95758997980181,
                -18.3587341213139,
                12.724133101713448,
                19.197765150251897,
                8.05447899538028,
                21.68625735336363,
                -34.887839471001044,
                -35.43262898390826
            ]
        },
        "PPO": {
            "stats": {
                "mean": 72.89097058281041,
                "std": 120.26194823642999,
                "min": -92.7015511514808,
                "max": 277.702798002358,
                "median": 20.12900419376127,
                "success_rate": 0.33
            },
            "rewards": [
                227.29672104870136,
                -17.54416637016466,
                -73.11629178644249,
                -1.9483369343664378,
                -11.708356501759155,
                18.987727141437574,
                -39.87774281750961,
                -18.878309220714257,
                -29.05369202667866,
                -5.702082047565668,
                25.62561502280991,
                236.11134359605404,
                -1.2153950414423065,
                260.05389129641924,
                -50.07653190070663,
                -13.701090218881959,
                31.68476203175564,
                21.270281246084963,
                206.23530355970152,
                236.49202519521901,
                22.32167586916208,
                48.36671661912371,
                -41.03520981410334,
                -62.92987734092304,
                -87.03483846373129,
                236.28502390155373,
                234.12382864405782,
                23.678924310080234,
                5.202922430613,
                29.786148526903048,
                256.5857459354625,
                221.4438935776327,
                272.6390389129858,
                4.255217058971496,
                9.74874741284799,
                -31.641692078420874,
                -58.21105433704527,
                22.241787720453956,
                37.165408494794576,
                -8.718337762335096,
                246.15999539618718,
                -12.89861974374594,
                6.559771284471381,
                -43.53848582697453,
                252.85915695900388,
                209.5164129626936,
                -90.3240423391294,
                38.16304030720664,
                -86.56126481780777,
                -66.85895126386905,
                255.22291372129982,
                -1.735648802237975,
                -30.62427317427023,
                246.26807962934015,
                9.086288505153178,
                -50.74363084103786,
                -92.7015511514808,
                2.1635798281222947,
                242.82249398248044,
                -24.200819606054495,
                -84.67300136498383,
                3.5281168696792093,
                230.769098222103,
                222.8777727101732,
                -29.504340729685964,
                6.970591253259286,
                -3.599112850150874,
                255.7477440154714,
                -27.373413892528248,
                -15.774937688208226,
                18.187334841414156,
                16.189306568427,
                213.1897106154243,
                212.71556606453376,
                254.9450674649298,
                237.28362354315286,
                -2.4447252960584365,
                252.6271627824565,
                16.56846891389253,
                234.0949477905118,
                223.50035180564404,
                258.85079410272886,
                -7.859381731148005,
                -9.059513294933396,
                34.72572114439467,
                228.61739835067465,
                -9.442338533569412,
                28.936918532308653,
                221.21465293654734,
                226.7088677283509,
                33.47457961675548,
                15.131538181227384,
                242.52630526527963,
                27.210685060434997,
                26.89122674655718,
                -5.9085039551223275,
                49.39410192724503,
                230.81234331688893,
                39.49934334521828,
                277.702798002358
            ]
        },