{
    "environment": "standard",
    "n_eval_episodes": 100,
    "seed": 42,
    "results": {
        "DQN": {
            "stats": {
                "mean": 227.09578810418807,
                "std": 89.18123829093201,
                "min": -31.10261786403332,
                "max": 311.6816711484755,
                "median": 259.147569795526,
                "success_rate": 0.82
            },
            "rewards": [
                273.592242182067,
                278.7755395913814,
                289.01231792749894,
                247.66150975076937,
                269.2025611928594,
                259.7964566670444,
                276.8186900918058,
                281.00935094825365,
                308.00648755331713,
                280.1798440094615,
                273.4219457140963,
                -18.192721155583115,
                244.84199278638062,
                286.07552330728754,
                24.145413844110436,
                219.92433971695,
                251.57188135286182,
                264.13827321726376,
                261.6527453480917,
                271.447621630482,
                245.15209293391914,
                -28.65990486007705,
                226.8016810337444,
                229.98534461689616,
                272.0783472968551,
                272.5712838132017,
                296.0217125096199,
                162.87547634395878,
                -20.977588219945858,
                264.5476401606428,
                307.9789321134221,
                291.5357356409975,
                -31.10261786403332,
                272.09682836900004,
                240.11757254833725,
                3.1584109613090163,
                236.50018824060285,
                276.67201927514225,
                296.1088296820738,
                178.23493590362767,
                267.0545834409397,
                271.0311931939052,
                258.49868292400765,
                153.22596571820273,
                255.5648241619721,
                242.22940879058004,
                290.49929346274894,
                199.4514239561999,
                278.5323160031262,
                255.94904518897656,
                256.6656942560496,
                278.6355621120585,
                295.52170857712497,
                236.98117470283404,
                285.22118146105413,
                247.86822118202062,
                -17.08915651753412,
                71.65410578254023,
                300.17400417696683,
                269.7965303530655,
                261.5816938058896,
                252.16950477444294,
                253.43331470507914,
                251.49714681237336,
                246.74854441707578,
                265.1830877959809,
                267.82534341884514,
                248.48607089354726,
                232.50345880642158,
                263.2451472630438,
                232.9350962459945,
                58.444746526092274,
                266.3207238058786,
                274.82736904033754,
                274.9976772694792,
                271.18288657918333,
                311.6816711484755,
                276.1585260512978,
                34.260377372026994,
                -30.076137513513302,
                264.84358250478886,
                286.2709308123375,
                297.9974324135883,
                288.19866251200693,
                240.5318717655839,
                264.63288138401504,
                37.49190749880711,
                245.0122017250924,
                233.86996541758785,
                276.4224887741741,
                274.6597001571617,
                235.74354602884492,
                279.4541100891861,
                256.53447288806797,
                247.96703573689516,
                257.9721097608936,
                142.30511792158313,
                234.93638509788815,
                64.92111529106916,
                234.16234431875304
            ]
        },
        "PPO": {
            "stats": {
                "mean": 116.44936935046934,
                "std": 119.68247238312355,
                "min": -85.15413221140888,
                "max": 259.76909382309145,
                "median": 187.99713473549062,
                "success_rate": 0.43
            },
            "rewards": [
                207.06258429901078,
                200.47369898194904,
                197.95894975500704,
                7.2505792905316895,
                -61.21774274557744,
                214.8600747368141,
                -26.48336462553543,
                -40.27840473388626,
                -20.335641617730914,
                -76.1561517108039,
                227.69124989349783,
                220.0034719072927,
                -85.15413221140888,
                211.25590562967005,
                143.6002947566402,
                -45.57107522298314,
                233.67120141635124,
                220.27750343135855,
                170.57348999536734,
                113.38941044185823,
                -24.345522826504734,
                141.8664432114111,
                173.25536254603327,
                219.70745088447012,
                239.58786402733182,
                -8.69758248129125,
                195.09415540704632,
                -57.18796530196737,
                225.64958788841915,
                259.76909382309145,
                211.311667946095,
                232.6035459016901,
                239.65774103184577,
                223.29415353169736,
                217.53697758797324,
                -57.133557592204994,
                -16.741180207445765,
                183.90561734193895,
                200.64895352061768,
                222.78869115620574,
                -22.879475162080325,
                -17.14271810064338,
                13.158429797410179,
                231.8493585155901,
                256.82354849801663,
                -65.27400722554854,
                222.1053256131121,
                236.85323471360886,
                210.48360556300858,
                -0.9487746637032757,
                179.12176208586777,
                186.54071421140134,
                234.91349331044717,
                244.72148771535302,
                231.2016808595327,
                216.32811740117833,
                -45.37763665929731,
                -29.529955113586,
                -30.220080104744895,
                -57.105472366772574,
                -33.75235566311494,
                -49.765741996672546,
                212.66056900963548,
                213.51522850074218,
                -36.8831124724456,
                199.7009584441056,
                201.921003727109,
                186.29438190505115,
                229.76716491329432,
                203.02550926133887,
                212.5082362549096,
                199.25668810321338,
                205.4170146864687,
                -11.086745770546656,
                -19.482477216274674,
                -30.57624087946678,
                227.4394762143727,
                208.3827976345932,
                -24.49701753621767,
                145.40324661917901,
                208.02491138694455,
                197.08038949249703,
                218.1120693926125,
                -37.38092781935359,
                191.9702398265341,
                -32.09295898573595,
                76.80393359755483,
                252.48465784297125,
                3.8913311010766165,
                228.05419403633653,
                -34.280509136387465,
                -10.670582183300624,
                163.021209665777,
                -33.1374901906195,
                258.81312340974193,
                223.12397920324545,
                -8.25542584798444,
                -60.25824734853987,
                189.4535552595799,
                -20.13513934731779
            ]
        },