{
    "algorithm": "DQN",
    "environment": "standard",
    "total_timesteps": 500000,
    "eval_episodes": 20,
    "seed": 42,
    "mean_reward": 231.81640502378292,
    "std_reward": 78.47246800614627,
    "success_rate": 0.85
}