{
    "environment": "noise",
    "noise_std": 0.075,
    "n_eval_episodes": 100,
    "seed": 42,
    "results": {
        "DQN": {
            "stats": {
                "mean": 101.46072483865642,
                "std": 40.99340432945388,
                "min": -11.01540588920571,
                "max": 217.80833517048308,
                "median": 110.74163572179455,
                "success_rate": 0.02
            },
            "rewards": [
                146.31902466371017,
                152.39785223742663,
                74.3989628938564,
                98.22433532903628,
                141.24104030635314,
                151.99486874985436,
                141.455601446798,
                74.1093041938863,
                91.74382602705278,
                117.1338573300669,
                105.200881723338,
                116.56569066836367,
                32.18286798238168,
                93.9021511732103,
                143.47760068960355,
                128.0463575970133,
                35.30948319915868,
                131.5662539878682,
                107.59194573790097,
                96.60250058522689,
                63.55229837856679,
                21.977276344967862,
                116.61197504074217,
                76.81066107432848,
                112.20152118011107,
                140.04056347402673,
                132.34641036890082,
                64.24829180583168,
                128.24814732858303,
                99.018514479119,
                -11.01540588920571,
                71.14148865659891,
                127.94016831954913,
                127.56433160680142,
                40.534411633035376,
                217.80833517048308,
                141.20792584962416,
                144.43591656333797,
                106.08002165855649,
                121.19767083230128,
                93.34946688590705,
                88.92995878218039,
                40.45834694993735,
                116.33625183855176,
                124.51938031916654,
                123.18363535003137,
                39.999712670445035,
                150.21836369506084,
                121.75006651779844,
                52.041568123269855,
                105.6161008525116,
                132.8966398647798,
                33.922002902211034,
                103.56895916024565,
                105.74823818091434,
                48.83622431696233,
                114.82322867136448,
                113.8530843283072,
                69.08415167875145,
                50.38239862204114,
                77.50048795650352,
                73.66944850238676,
                133.4893439077516,
                124.92004464554154,
                120.94330214599489,
                215.6805418621567,
                109.74896718274653,
                142.92672805084487,
                129.61802930833278,
                94.21867128548284,
                76.6948855520515,
                111.73430426084258,
                131.9826365058626,
                102.74845489798413,
                119.46832706941501,
                151.03005799891466,
                59.13031813311443,
                35.18016544891887,
                129.8285472853383,
                118.03366559396865,
                27.487476287890402,
                80.53351308155577,
                23.75332864919517,
                38.398759481148716,
                48.267937919097335,
                102.0783907919906,
                137.17901219976457,
                130.6957626497701,
                144.9849308638033,
                116.6710241990486,
                121.34569913799393,
                85.33730771771627,
                103.82896269234666,
                141.00814388842176,
                7.455559537199505,
                81.5269934728783,
                112.2681512309378,
                132.36897298943907,
                79.35556335324144,
                122.04735601924506
            ]
        },
        "PPO": {
            "stats": {
                "mean": 139.47671890810406,
                "std": 123.37039082672713,
                "min": -66.3983167905009,
                "max": 301.60162705050084,
                "median": 201.17991393167912,
                "success_rate": 0.5
            },
            "rewards": [
                8.138358864579814,
                1.448567067287783,
                241.99508400080182,
                210.76852450426952,
                253.22558069009062,
                287.32631562798025,
                -16.00281992549202,
                228.07372335239654,
                252.25503837121462,
                -1.1351808491562991,
                -36.40274851512247,
                272.7380431881602,
                273.15002524261143,
                253.38766774505643,
                40.96075738329637,
                -22.775641940676365,
                269.565476188822,
                -15.440081803299194,
                266.75792349333176,
                270.1824542711025,
                52.46311328120353,
                258.6988961258386,
                256.7103488762608,
                12.547622260303243,
                259.69227806209847,
                224.615524828296,
                268.12244308375307,
                -19.797230868163695,
                6.845911794623589,
                -0.6158206484885369,
                230.67589801328265,
                -53.64539585242858,
                9.0053947129868,
                -3.530253353903362,
                119.22050833900174,
                274.23168927960774,
                228.69951602130612,
                251.22422225914465,
                268.14191461751636,
                18.641965385287335,
                257.2979144569814,
                -17.472531519852936,
                5.561249801416906,
                19.157198671286906,
                280.4992385337533,
                13.8288621428932,
                292.41469603536916,
                240.24032812841205,
                7.090647045531071,
                245.55740941941036,
                132.32243832024852,
                222.2351575932056,
                31.74924712956954,
                0.2118294340398421,
                -17.005782981184396,
                298.42239209737534,
                10.399515554094165,
                254.7395901747243,
                228.51835393017052,
                218.09215068042175,
                139.23818850080784,
                99.83472315561774,
                246.70445314327,
                -16.57454951816311,
                19.695481987215658,
                43.94946324402079,
                -20.350073793283244,
                270.16794076994654,
                245.61961796126602,
                12.835962027924296,
                -21.921773362260424,
                158.55728954517838,
                275.0585617261985,
                255.99763556817112,
                16.347268936485307,
                230.29704329073115,
                234.99000040500087,
                31.547930092733026,
                301.60162705050084,
                224.45012263088122,
                -23.31359078861243,
                278.679499354723,
                40.49260812192392,
                -66.3983167905009,
                263.5259803763986,
                253.78424469956082,
                -26.677925336782863,
                23.734239488305747,
                267.77680382532026,
                263.666478202531,
                115.00953056420016,
                136.04812068046115,
                269.33865699711316,
                191.59130335908873,
                38.174300375270434,
                -7.484108874608481,
                273.22719844598225,
                241.7835236390013,
                4.421002308177364,
                238.21991097795936
            ]
        },